{
  "lagrangian": {
    "V0": 0.66564981672392,
    "V_at_zc": 0.73503256747289,
    "phi_at_zc": 0.07155683925717526,
    "V_model_fit": {
      "V0_fit": 0.6727549614742857,
      "V1": 0.6860922796737898,
      "phi_c": -116889.47452440567
    }
  },
  "weak_lensing": {
    "S8": 0.7858282255047856,
    "KiDS_consistency": "+1.3\u03c3",
    "DES_Y3_consistency": "+0.6\u03c3"
  },
  "growth": {
    "chi2_rsd": 13.725576172810605,
    "n_data": 20
  },
  "clusters": {
    "IDCM_vs_LCDM_ratio": 1.0525183143745893
  },
  "hubble": {
    "IDCM_H0": 68.21000000000001,
    "LCDM_H0": 69.2,
    "SH0ES_tension": "-4.8\u03c3"
  },
  "chi2_summary": {
    "IDM_total": 1664.5255761728106,
    "LCDM_total": 1674.3255761728105,
    "delta_chi2": -9.799999999999955,
    "ndof": 1848
  }
}