{
  "up_idxs": [
    28,
    7,
    12
  ],
  "down_idxs_alt": [
    7,
    9,
    2
  ],
  "phys": {
    "V_us_aa_eigratio": 0.2318184173046361,
    "V_cb_aa_eigratio": 0.0907002390676797,
    "V_ub_aa_eigratio": 0.05992438356210974,
    "phi_3": 0.23606797749978967,
    "phi_6_6": 0.04175241248038505,
    "phi_8_8": 0.014484675354756097
  }
}