{
  "kappa_phi_exponents": [
    -0.0,
    1.9383327872704657,
    2.165244023829094,
    2.3292239130817065,
    3.070215265388253,
    4.114631355198245,
    5.766193807402163,
    6.371253749567791,
    7.123609588580981,
    7.134822291638732,
    7.374355631464566,
    8.299394365175973,
    8.436556902818769,
    8.670681888872576,
    9.072829695166094,
    9.199882513062928,
    9.338367622988873,
    9.404367352082637,
    9.436169589534494,
    9.529173887058159,
    10.23183927443869,
    10.549745928918082,
    10.56712693590488,
    10.633820499379054,
    10.736342682628166,
    10.832471017882689,
    11.344619113164294,
    11.62073841368885,
    12.6058358624716,
    13.132218282266338,
    14.354348531668416,
    14.458482873662675
  ],
  "aa_eigenvalues": [
    1.8171686943343484,
    0.42125317069612067,
    0.4161548456143859,
    0.312284827797637,
    0.26227544556038923,
    0.16481763500242877,
    0.15270389093104986,
    0.11498862781217169,
    0.11455476291578666,
    0.10889271383634964,
    0.09951153502362524,
    0.09406672898317103,
    0.09089179514938005,
    0.08441780025815712,
    0.07092870505388299
  ],
  "aa_eigenvalue_phi_exponents": [
    -0.0,
    3.0377493271774254,
    3.063053344747043,
    3.659758828933712,
    4.022427411531361,
    4.987814432366446,
    5.146453359135192,
    5.735938993378682,
    5.743794676241843,
    5.849132625095688,
    6.03634654785816,
    6.153278741080606,
    6.224629187407125,
    6.378182047043883,
    6.739983348385336
  ]
}