{
  "h11": 36,
  "h21": 98,
  "chi": -124,
  "n_prime_divisors": 36,
  "glsm_coord3": [
    0,
    4,
    12,
    2,
    10,
    9,
    8,
    6,
    6,
    6,
    3,
    3,
    3,
    2,
    2,
    1,
    0,
    1,
    9,
    7,
    7,
    6,
    5,
    5,
    4,
    4,
    4,
    3,
    3,
    1,
    1,
    0
  ],
  "k_u": 10.197561,
  "k_d": 7.888544,
  "k_l": 5.871323,
  "phi_inv_4": 0.145898,
  "kappa": 0.0625
}