{
  "method": "\u0394-current projection from AA @ J*",
  "v_us_from_kappa_ratio": 0.22822486382905957,
  "v_us_with_rg": 0.2190958692758972,
  "v_cb_from_kappa_ratio": 0.046610816793811176,
  "v_cb_with_rg": 0.044746384122058724,
  "v_ub_from_kappa_ratio": 0.06236440209071992,
  "aa_eigenvalue_top10": [
    1.8171686943343486,
    -0.4212531706961209,
    0.41615484561438576,
    0.3122848277976366,
    0.26227544556038956,
    0.16481763500242858,
    -0.15270389093104975,
    0.11498862781217163,
    0.11455476291578655,
    -0.10889271383634969
  ]
}