{
  "scale": 0.0901405981538189,
  "n_edges": 180,
  "vol_uniform": 0.1802811963076378,
  "q_uniform": 0.8350353695318254,
  "ln_phi": 0.48121182505960347,
  "t_u_pred": 2.4535934253204275,
  "t_d_pred": 1.8980302843420234,
  "t_l_pred": 1.412675002457216
}