{
  "K": 8.317766166719345,
  "exp_K_over_2": 64.00000000000003,
  "scale": 0.0901405981538189,
  "vol_J": 0.00024414062499999992,
  "kinetic_correction_per_divisor": 5.7689982818444125,
  "kinetic_correction_cubic": 192.000000061382,
  "k_u": 10.197560814373265,
  "k_d": 7.888543819998318,
  "k_l": 5.871322893124002
}