{
  "vol": 0.00024397137077364147,
  "K": 8.318459672450027,
  "exp_K_half": 64.02219603142821,
  "pair_sums": {
    "8_8": 187.1983020605646,
    "7_8": -88.74912349185935,
    "7_7": 235.50120783713507,
    "6_6": 1215.6141065378079,
    "6_8": -14.156088943721427,
    "6_7": -68.99340636211952,
    "12_12": 127.281395044964,
    "8_12": 15.859816699691274,
    "10_10": 1312.8092410553804,
    "6_10": 978.7374737379484,
    "6_12": 17.63106293868983,
    "7_12": 4.992497038719086
  },
  "triple_sums": {
    "6_7_8": -6.687788435412388,
    "6_6_10": 1.9984198837722953,
    "6_7_7": -54.74470176884393,
    "6_6_7": -20.273550692303353,
    "7_7_8": 1.1240724990976485
  },
  "k_inst_from_pairs": {
    "12": -10.620208148370176,
    "10": -16.07812170638739,
    "8": -11.893858305268393,
    "7": -12.441600708911484,
    "6": -16.081370603425963
  },
  "k_inst_from_triples": {
    "12": 0.0,
    "10": -1.4387776320749082,
    "8": -4.271805272198696,
    "7": -9.178477031562796,
    "6": -9.200298164729242
  }
}