{
  "vol": 0.00024397137077364147,
  "k_inst_hierarchy": -6.651892839717084,
  "total_correction": 24.556325858708416,
  "ngen_hierarchy": 34
}