{
  "n_kappa": 303,
  "n_edges": 180,
  "vol_cy_36d": 0.00024406881608860583,
  "K": 8.318060339284921,
  "exp_K_half": 64.00941421443241,
  "kinetic_per_divisor": 5.769846884764496,
  "kinetic_total": 192.08474045514444,
  "curve_32d": {
    "8_12": {
      "avg_vol": 0.0901405981538189,
      "q": 0.9138026972666613,
      "n": 0
    },
    "7_8": {
      "avg_vol": 1e-20,
      "q": 1.0,
      "n": 0
    },
    "7_7": {
      "avg_vol": 0.3605623926152756,
      "q": 0.6972840683691522,
      "n": 1
    },
    "6_12": {
      "avg_vol": 1e-20,
      "q": 1.0,
      "n": 0
    },
    "6_10": {
      "avg_vol": 0.13521089723072835,
      "q": 0.873531666850862,
      "n": 0
    },
    "6_8": {
      "avg_vol": 1e-20,
      "q": 1.0,
      "n": 0
    },
    "6_7": {
      "avg_vol": 1e-20,
      "q": 1.0,
      "n": 0
    },
    "6_6": {
      "avg_vol": 1e-20,
      "q": 1.0,
      "n": 0
    }
  },
  "fn_32d": {
    "12": 9.887038585926607,
    "10": 8.126279985659654,
    "8": 7.2836882453224865,
    "7": 8.126279985995827,
    "6": -8.377663550792064
  },
  "fn_36d": {
    "12": [
      -7.574926438894591
    ],
    "10": [
      -2.0108203722272493
    ],
    "8": [
      -5.102414357217964
    ],
    "7": [
      null,
      7.817282375748881
    ],
    "6": [
      null,
      6.067743851922205,
      1.2970284978672468,
      null
    ]
  }
}