{
  "Jstar_36D": [
    0.0035218786641320866,
    0.014729584132340774,
    0.038483547532839626,
    0.013069647631978142,
    0.005016430122915089,
    0.024225573087660598,
    0.0017811126918626445,
    0.0039736222909748835,
    0.005652850848271402,
    0.0016103893794319115,
    0.0018114060958478615,
    0.024989877475265217,
    0.0011901046886462153,
    0.005381515944269624,
    0.0014020290799164746,
    0.003240760131401789,
    0.0014576964029676255,
    0.01828294316107931,
    0.023529653625735624,
    0.024500182779956366,
    0.015893173376530668,
    0.021150220204965552,
    0.0210276225829926,
    0.010430005343144083,
    0.021678794405447614,
    0.007711961414248334,
    0.038181629073884775,
    0.004671772511873055,
    0.03773759453281969,
    0.0041971828915594225,
    0.01260174439350761,
    0.019412022182181108,
    0.012719078204863033,
    0.026107870379541778,
    0.01269473787407128,
    0.0035088577728026827
  ],
  "Vol": 0.000244140625,
  "Ind": 48.00038459373401,
  "J3": 0.00146484375
}