{
  "t_i": [
    0.09,
    0.09,
    1.0000000002598049e-06,
    0.09,
    1e-06,
    0.09,
    1e-06,
    0.11988959648041903,
    1.000000004805794e-06,
    0.09,
    0.09,
    0.09,
    0.09,
    0.09,
    0.09,
    0.09,
    0.09,
    0.09,
    0.09,
    1e-06,
    0.09000039954821044,
    0.09,
    0.09,
    0.09,
    0.09,
    0.09,
    0.09,
    0.09,
    0.09,
    0.09,
    0.09,
    0.09,
    1.0000000001403506e-06,
    1.000000000015516e-06,
    1e-06,
    0.09,
    0.09
  ],
  "vol": 0.001841040297030643,
  "gen56_v": -0.9600994035195041,
  "max_n": -1.9951700135394326
}