{
  "t_i": [
    0.07,
    0.07,
    1.0000000000005058e-06,
    0.07,
    1.0000005432879206e-06,
    0.07,
    1.0000000004745948e-06,
    0.09390783931007862,
    0.1392243284709137,
    0.07,
    0.07,
    0.07,
    0.07,
    0.07,
    0.07,
    0.07,
    0.07,
    0.07,
    0.07,
    0.08106721454808133,
    0.06050898017985301,
    0.07,
    0.07,
    0.07,
    0.07,
    0.07,
    0.07,
    0.07,
    0.07,
    0.07,
    0.07,
    0.07,
    1.0000003388639608e-06,
    1.0000000000000658e-06,
    1e-06,
    0.07,
    0.07
  ],
  "vol": 0.0002450055969651769,
  "gen56_v": 1.4814920948419812,
  "kahler_cone": false
}