{
  "t_i": [
    0.09014,
    0.09014,
    0.002176,
    0.09014,
    0.030185,
    0.09014,
    0.370551,
    0.181689,
    0.426596,
    0.09014,
    0.09014,
    0.09014,
    0.09014,
    0.09014,
    0.09014,
    0.09014,
    0.09014,
    0.09014,
    0.09014,
    0.360676,
    0.40579,
    0.09014,
    0.09014,
    0.09014,
    0.09014,
    0.09014,
    0.09014,
    0.09014,
    0.09014,
    0.09014,
    0.09014,
    0.09014,
    0.113446,
    0.235241,
    0.047985,
    0.09014,
    0.09014
  ],
  "vol": 0.00024397137077364147,
  "gen56_v": 5.77462
}