{
  "t_i": [
    0.00014946687402169276,
    0.10831838882089813,
    0.04542259635247961,
    0.048287159646122846,
    0.12315291582588332,
    0.06902421713831092,
    0.06744277332118354,
    0.04897411254788271,
    0.10560163276673147,
    0.09950193741148836,
    0.08939100482844499,
    0.062105796123966335,
    0.08986317555124172,
    0.07743647636259494,
    0.08915057410150516,
    0.08927519025999027,
    0.08663528928621829,
    0.09340290332798487,
    0.09027667832963968,
    0.10200112608116466,
    0.07060314459041005,
    0.08186164786651422,
    0.09318015941431267,
    0.09013924898423795,
    0.08905992706745375,
    0.08931670679422449,
    0.0901407605169123,
    0.09014103541010006,
    0.09013978888314168,
    0.09095310082517895,
    0.090148635655536,
    0.09324719045861528,
    0.10088789125813497,
    0.1039515195488506,
    0.09118697004998755,
    0.0895625974922296,
    0.09014066448722491
  ],
  "vol_opt": 0.0002441274157559059,
  "vol_err": 1.3209244094098804e-08,
  "k_i": [
    -12.519186856696834,
    null,
    -7.569008574728376,
    -12.799683277161567,
    -2.01199207408776,
    null,
    -5.101659813736508,
    null,
    6.0676692400813295,
    1.2985594462469847,
    -2.1200304917926163,
    null,
    -3.5407430930649,
    -6.317012802165451,
    -3.59769009186815,
    -2.830766617462727,
    null,
    0.2698447678712659,
    null,
    null,
    7.817332154653992,
    null,
    -0.037482999258454004,
    null,
    null,
    null,
    null,
    null,
    2.795076415960994,
    -5.82465136950348,
    null,
    -0.013414587487986393,
    -11.329404931603367,
    -6.501779184014482,
    -6.985482460101054,
    -6.986387627781147,
    null
  ],
  "div_vols": [
    0.1009187523878125,
    null,
    0.009320641304930048,
    0.11550270570711099,
    0.0006428328021696548,
    null,
    0.0028431541029294463,
    null,
    1.3168875067761274e-05,
    0.00013068738845194595,
    0.0006771372783355642,
    null,
    0.001341492032496519,
    0.00510263087819255,
    0.0013787620355147946,
    0.0009532609207679051,
    null,
    0.0002143987912785173,
    null,
    null,
    5.674018582905614e-06,
    null,
    0.0002485707584351938,
    null,
    null,
    null,
    null,
    null,
    6.360337032107412e-05,
    0.004026212555753869,
    null,
    0.0002457084186414009,
    0.05692750576622653,
    0.005577095008361525,
    0.007038758247277501,
    0.007041824839053537,
    null
  ]
}