{
  "kappa_nonzero": 303,
  "kappa_total": 8436,
  "sparsity_pct": 96.40825035561878,
  "vol_uniform_32d": 0.0002054850260416665,
  "vol_36d_jstar": 0.00024406881608860583,
  "J_err_36d": 7.180891139417327e-08,
  "k_at_32d": {
    "12": [
      -7.713660128168891
    ],
    "10": [
      -2.351745280642578
    ],
    "9": [
      null,
      null
    ],
    "8": [
      -5.232585461467689
    ],
    "7": [
      null,
      null
    ],
    "6": [
      null,
      null,
      null,
      null
    ]
  },
  "k_at_36d": {
    "12": [
      -7.574926438894591
    ],
    "10": [
      -2.0108203722272493
    ],
    "9": [
      null,
      null
    ],
    "8": [
      -5.102414357217964
    ],
    "7": [
      null,
      7.817282375748881
    ],
    "6": [
      null,
      6.067743851922205,
      1.2970284978672468,
      null
    ]
  },
  "idcm_k_u": 10.197560814373265,
  "idcm_k_d": 7.888543819998318,
  "idcm_k_l": 5.871322893124002
}