{
  "k3": 97.55308879488057,
  "k2": 101.21106374583,
  "k1": 106.21106374583,
  "m3_eV": 0.05,
  "m2_eV": 0.0086,
  "m1_eV": 0.0003,
  "dmsq21": 7.4e-05,
  "dmsq32": 0.0025,
  "mee_eV": 0.001,
  "mechanism": "pure instanton (no tree-level)"
}