{
  "m_nuR_tree_GeV": 1.7953806329607713e+18,
  "m_nu_range_eV": [
    1.4702335930130223e-13,
    3.0259921844606686e-13,
    6.228009442806921e-13
  ],
  "0nubb_mee_eV": 1.5129960922303343e-13
}