{
  "J_scale_32d": 0.0901405981538189,
  "vol_CY_J": 0.00024414062499999992,
  "k_computed_32d": {
    "q3_12": 9.887038585926607,
    "q3_10": 8.126279985659654,
    "q3_9": NaN,
    "q3_8": 7.2836882453224865,
    "q3_7": 8.126279985995827,
    "q3_6": -8.377663550792064
  },
  "k_idcm": {
    "k_u": 10.197560814373265,
    "k_d": 7.888543819998318,
    "k_l": 5.871322893124002
  }
}