{
  "scale": 0.0901405981538189,
  "J": [
    0.0901405981538189,
    0.0901405981538189,
    0.0901405981538189,
    0.0901405981538189,
    0.0901405981538189,
    0.0901405981538189,
    0.0901405981538189,
    0.0901405981538189,
    0.0901405981538189,
    0.0901405981538189,
    0.0901405981538189,
    0.0901405981538189,
    0.0901405981538189,
    0.0901405981538189,
    0.0901405981538189,
    0.0901405981538189,
    0.0901405981538189,
    0.0901405981538189,
    0.0901405981538189,
    0.0901405981538189,
    0.0901405981538189,
    0.0901405981538189,
    0.0901405981538189,
    0.0901405981538189,
    0.0901405981538189,
    0.0901405981538189,
    0.0901405981538189,
    0.0901405981538189,
    0.0901405981538189,
    0.0901405981538189,
    0.0901405981538189,
    0.0901405981538189
  ],
  "vol_CY": 0.00024414062499999992,
  "charge_12_rays": [
    2
  ],
  "charge_12_vols": [
    0.028438645995192947
  ],
  "charge_12_k": 9.887038585926607,
  "charge_10_rays": [
    4
  ],
  "charge_10_vols": [
    0.01218799115131948
  ],
  "charge_10_k": 8.126279985659654,
  "charge_8_rays": [
    6
  ],
  "charge_8_vols": [
    0.008125327425765641
  ],
  "charge_8_k": 7.2836882453224865,
  "charge_7_rays": [
    19,
    20
  ],
  "charge_7_vols": [
    -5.493556121012541e-15,
    0.012187991153291135
  ],
  "charge_7_k": 8.126279985995827,
  "charge_6_rays": [
    7,
    8,
    9,
    21
  ],
  "charge_6_vols": [
    0.15844388483655494,
    1.2640067391889936e-13,
    -1.6752571552203221e-13,
    0.004062663717763201
  ],
  "charge_6_k": 11.226068474427835,
  "charge_4_rays": [
    1,
    24,
    25,
    26
  ],
  "charge_4_vols": [
    1.8010939961676797e-13,
    -1.374865153724112e-13,
    1.413712896747299e-14,
    -2.0246784737379043e-13
  ],
  "charge_4_k": -44.98025227839826,
  "ratio_10to8": 0.666666665973579,
  "kdiff_10to8": -0.8425917403371673,
  "ratio_10to6": 4.444444440894086,
  "kdiff_10to6": 3.099788488768181,
  "ratio_10to12": 2.33333333131885,
  "kdiff_10to12": 1.7607586002669535,
  "ratio_10to7": 1.0000000001617704,
  "kdiff_10to7": 3.361729002407718e-10
}