{
  "V_td_best": {
    "pair": [
      13,
      9
    ],
    "ratio": 0.007891612159673276,
    "error_pct": 8.237067910775865,
    "note": "From \u03ba-ratio scan"
  },
  "delta_CP": {
    "idcm": 72.83,
    "pdg": 68.8,
    "from_kappa_sign": 11.324575534096155,
    "overlap": 0.9888473852778684
  },
  "kappa_sign_pattern": {
    "positive": [
      2,
      4,
      5,
      6,
      10,
      14,
      17,
      19,
      20,
      22,
      24,
      26,
      28,
      31
    ],
    "negative": [
      0,
      1,
      3,
      7,
      8,
      9,
      11,
      12,
      13,
      15,
      16,
      18,
      21,
      23,
      25,
      27,
      29,
      30
    ]
  }
}